2018-02-11 21:22:58,4.84
2018-02-11 21:23:07,5.85
2018-02-11 21:23:14,6.45
2018-02-11 21:23:21,6.23
2018-02-11 21:23:28,6.29
2018-02-11 21:23:35,7.19
2018-02-11 21:23:43,169.44
2018-02-11 21:23:50,170.43
2018-02-11 21:23:57,169.68
2018-02-11 21:24:04,172.91
2018-02-11 21:24:11,19.84
2018-02-11 21:24:19,15.01
2018-02-11 21:24:25,169.56
2018-02-11 21:26:28,169.63
2018-02-11 21:26:37,120.05
2018-02-11 21:26:44,170.07
2018-02-11 21:26:51,170.14
2018-02-11 21:26:58,169.76
2018-02-11 21:27:06,169.61
2018-02-11 21:27:13,169.77
2018-02-11 21:27:21,169.58
2018-02-11 21:27:29,299.56
2018-02-11 21:27:36,170.64
2018-02-11 21:27:44,170.69
2018-02-11 21:27:51,170.19
2018-02-11 21:27:58,215.95
2018-02-11 21:28:06,169.59
2018-02-11 21:28:12,266.54
2018-02-11 21:28:19,18.8
2018-02-11 21:28:27,169.75
2018-02-11 21:28:34,124.18
2018-02-11 21:28:42,169.65
2018-02-11 21:28:49,166.08
2018-02-11 21:28:57,170.54
2018-02-11 21:29:04,169.91
2018-02-11 21:29:12,170.16
2018-02-11 21:29:19,170.52
2018-02-11 21:29:26,169.58
2018-02-11 21:29:33,121.83
2018-02-11 21:29:41,169.7
2018-02-11 21:29:48,170.28
2018-02-11 21:29:56,170.2
2018-02-11 21:31:02,170.28
2018-02-11 21:31:09,170.2
2018-02-11 21:31:16,169.78
2018-02-11 21:31:23,169.13
2018-02-11 21:31:29,169.71
2018-02-11 21:31:36,170.28
2018-02-11 21:31:43,169.1
2018-02-11 21:31:49,169.84
2018-02-11 21:31:56,169.68
2018-02-11 21:34:31,169.85
2018-02-11 21:34:39,122.94
2018-02-11 21:34:45,169.8
2018-02-11 21:34:52,174.84
2018-02-11 21:34:58,169.25
2018-02-11 21:35:04,169.94
2018-02-11 21:35:10,169.94
2018-02-11 21:35:16,170.23
2018-02-11 21:35:22,169.85
2018-02-11 21:35:28,169.3
2018-02-11 21:35:35,169.77
2018-02-11 21:35:41,170.33
2018-02-11 21:35:48,170.09
2018-02-11 21:35:54,170.47
2018-02-11 21:36:00,134.37
2018-02-11 21:36:07,169.93
2018-02-11 21:36:12,170.38
2018-02-11 21:36:18,170.18
2018-02-11 21:36:25,170.31
2018-02-11 21:36:31,170.01
2018-02-11 21:36:37,169.75
2018-02-11 21:36:43,170.83
2018-02-11 21:36:50,170.74
2018-02-11 21:36:56,169.8
2018-02-11 21:37:03,169.99
2018-02-11 21:37:09,169.82
2018-02-11 21:37:16,155.87
2018-02-11 21:37:22,170.45
2018-02-11 21:37:28,170.59
2018-02-11 21:37:34,170.19
2018-02-11 21:37:40,169.78
2018-02-11 21:37:46,171.67
2018-02-11 21:37:52,170.71
2018-02-11 21:37:58,153.3
2018-02-11 21:38:04,169.99
2018-02-11 21:38:10,170.19
2018-02-11 21:38:16,169.82
2018-02-11 21:38:22,152.86
2018-02-11 21:38:28,169.8
2018-02-11 21:38:34,169.8
2018-02-11 21:38:40,169.8
2018-02-11 21:38:47,170.49
2018-02-11 21:38:53,169.94
2018-02-11 21:38:59,248.91
2018-02-11 21:39:06,169.9
2018-02-11 21:39:12,170.5
2018-02-11 21:39:19,170.45
2018-02-11 21:39:25,176.78
2018-02-11 21:39:32,170.5
2018-02-11 21:39:38,169.75
2018-02-11 21:39:45,169.75
2018-02-11 21:39:52,170.31
2018-02-11 21:39:59,169.75
2018-02-11 21:40:06,169.78
2018-02-11 21:40:13,170.33
2018-02-11 21:40:19,169.84
2018-02-11 21:40:26,170.88
2018-02-11 21:40:33,169.99
2018-02-11 21:40:40,170.73
2018-02-11 21:40:47,170.55
2018-02-11 21:40:54,169.99
2018-02-11 21:41:01,170.96
2018-02-11 21:41:07,169.95
2018-02-11 21:41:14,170.04
2018-02-11 21:41:21,170.08
2018-02-11 21:41:28,170.11
2018-02-11 21:41:35,170.04
2018-02-11 21:41:41,170.62
2018-02-11 21:41:47,170.31
2018-02-11 21:41:54,169.83
2018-02-11 21:42:00,170.85
2018-02-11 21:42:07,170.49
2018-02-11 21:42:13,184.05
2018-02-11 21:42:20,170.69
2018-02-11 21:42:26,170.74
2018-02-11 21:42:33,169.95
2018-02-11 21:42:39,196.07
2018-02-11 21:42:45,164.97
2018-02-11 21:42:53,170.02
2018-02-11 21:42:59,212.97
2018-02-11 21:43:06,169.7
2018-02-11 21:43:12,169.88
2018-02-11 21:43:19,170.73
2018-02-11 21:43:26,170.4
2018-02-11 21:43:32,170.76
2018-02-11 21:43:39,169.89
2018-02-11 21:43:45,170.01
2018-02-11 21:43:52,170.89
2018-02-11 21:43:59,169.92
2018-02-11 21:44:05,170.93
2018-02-11 21:44:12,169.85
2018-02-11 21:44:19,169.84
2018-02-11 21:44:26,170.35
2018-02-11 21:44:32,170.3
2018-02-11 21:44:39,169.83
2018-02-11 21:44:46,170.08
2018-02-11 21:44:53,170.42
2018-02-11 21:44:59,168.96
2018-02-11 21:45:06,156.92
2018-02-11 21:45:13,169.99
2018-02-11 21:45:20,169.01
2018-02-11 21:45:26,170.43
2018-02-11 21:45:34,170.21
2018-02-11 21:45:41,167.45
2018-02-11 21:45:47,169.95
2018-02-11 21:45:54,169.99
2018-02-11 21:46:01,173.2
2018-02-11 21:46:08,169.89
2018-02-11 21:46:14,78.12
2018-02-11 21:46:21,169.97
2018-02-11 21:46:27,170.09
2018-02-11 21:46:33,169.78
2018-02-11 21:46:40,170.31
2018-02-11 21:46:46,145.58
2018-02-11 21:46:52,170.24
2018-02-11 21:46:59,170.2
2018-02-11 21:47:06,137.39
2018-02-11 21:47:12,170.28
2018-02-11 21:47:19,171.02
2018-02-11 21:47:25,170.4
2018-02-11 21:47:31,170.56
2018-02-11 21:47:38,169.94
2018-02-11 21:47:44,169.92
2018-02-11 21:47:50,170.06
2018-02-11 21:47:56,169.91
2018-02-11 21:48:01,170.92
2018-02-11 21:48:07,169.85
2018-02-11 21:48:13,169.83
2018-02-11 21:48:18,170.35
2018-02-11 21:48:25,173.71
2018-02-11 21:48:30,112.81
2018-02-11 21:48:36,170.5
2018-02-11 21:48:42,170.38
2018-02-11 21:48:48,170.35
2018-02-11 21:48:54,170.69
2018-02-11 21:48:59,150.3
2018-02-11 21:49:05,169.9
2018-02-11 21:49:11,169.92
2018-02-11 21:49:17,169.91
2018-02-11 21:49:23,170.8
2018-02-11 21:49:29,170.0
2018-02-11 21:49:35,169.88
2018-02-11 21:49:41,170.44
2018-02-11 21:49:47,170.45
2018-02-11 21:49:53,170.26
2018-02-11 21:49:59,170.65
2018-02-11 21:50:05,169.87
2018-02-11 21:50:11,169.88
2018-02-11 21:50:17,192.64
2018-02-11 21:50:23,170.37
2018-02-11 21:50:29,169.85
2018-02-11 21:50:34,169.91
2018-02-11 21:50:40,169.83
2018-02-11 21:50:46,170.49
2018-02-11 21:50:52,170.04
2018-02-11 21:50:58,169.9
2018-02-11 21:51:05,169.83
2018-02-11 21:51:11,170.87
2018-02-11 21:51:16,170.3
2018-02-11 21:51:22,169.88
2018-02-11 21:51:28,169.99
2018-02-11 21:51:34,171.09
2018-02-11 21:51:40,129.38
2018-02-11 21:51:46,170.26
2018-02-11 21:51:52,170.25
2018-02-11 21:51:58,169.73
2018-02-11 21:52:04,169.85
2018-02-11 21:52:10,170.18
2018-02-11 21:52:16,170.69
2018-02-11 21:52:22,214.22
2018-02-11 21:52:28,170.14
2018-02-11 21:52:34,110.36
2018-02-11 21:52:40,169.85
2018-02-11 21:52:46,169.8
2018-02-11 21:52:53,175.08
2018-02-11 21:52:59,170.18
2018-02-11 21:53:05,170.21
2018-02-11 21:53:11,169.84
2018-02-11 21:53:17,169.78
2018-02-11 21:53:23,169.73
2018-02-11 21:53:29,169.78
2018-02-11 21:53:35,170.3
2018-02-11 21:53:41,169.84
2018-02-11 21:53:47,170.28
2018-02-11 21:53:54,170.26
2018-02-11 21:54:00,170.37
2018-02-11 21:54:07,170.79
2018-02-11 21:54:13,169.84
2018-02-11 21:54:19,170.19
2018-02-11 21:54:25,245.38
2018-02-11 21:54:31,170.2
2018-02-11 21:54:37,169.78
2018-02-11 21:54:43,170.47
2018-02-11 21:54:49,170.83
2018-02-11 21:54:56,170.62
2018-02-11 21:55:02,170.19
2018-02-11 21:55:08,169.84
2018-02-11 21:55:14,169.84
2018-02-11 21:55:21,170.83
2018-02-11 21:55:27,170.26
2018-02-11 21:55:33,169.93
2018-02-11 21:55:39,170.54
2018-02-11 21:55:45,170.11
2018-02-11 21:55:52,169.68
2018-02-11 21:55:58,169.8
2018-02-11 21:56:04,169.68
2018-02-11 21:56:10,169.82
2018-02-11 21:56:17,175.7
2018-02-11 21:56:23,169.8
2018-02-11 21:56:29,169.08
2018-02-11 21:56:36,170.49
2018-02-11 21:56:42,170.3
2018-02-11 21:56:49,157.56
2018-02-11 21:56:55,169.59
2018-02-11 21:57:01,169.59
2018-02-11 21:57:08,169.44
2018-02-11 21:57:14,170.04
2018-02-11 21:57:20,170.69
2018-02-11 21:57:27,169.66
2018-02-11 21:57:33,169.94
2018-02-11 21:57:39,169.92
2018-02-11 21:57:46,169.95
2018-02-11 21:57:52,169.22
2018-02-11 21:57:58,169.27
2018-02-11 21:58:05,169.75
2018-02-11 21:58:12,169.75
2018-02-11 21:58:18,169.75
2018-02-11 21:58:24,170.09
2018-02-11 21:58:31,172.19
2018-02-11 21:58:37,170.69
2018-02-11 21:58:44,170.18
2018-02-11 21:58:50,169.22
2018-02-11 21:58:56,169.29
2018-02-11 21:59:02,169.54
2018-02-11 21:59:07,170.47
2018-02-11 21:59:13,170.69
2018-02-11 21:59:19,169.63
2018-02-11 21:59:25,170.26
2018-02-11 21:59:31,169.59
2018-02-11 21:59:37,170.18
2018-02-11 21:59:42,170.62
2018-02-11 21:59:48,170.54
2018-02-11 21:59:54,166.7
2018-02-11 21:59:59,169.66
2018-02-11 22:00:05,169.61
2018-02-11 22:00:11,169.59
2018-02-11 22:00:17,169.17
2018-02-11 22:00:22,170.55
2018-02-11 22:00:28,174.75
2018-02-11 22:00:34,169.44
2018-02-11 22:00:40,169.65
2018-02-11 22:00:46,169.7
2018-02-11 22:00:53,169.2
2018-02-11 22:00:58,169.56
2018-02-11 22:01:04,169.7
2018-02-11 22:01:10,170.14
2018-02-11 22:01:16,172.03
2018-02-11 22:01:22,169.56
2018-02-11 22:01:28,169.71
2018-02-11 22:01:34,175.11
2018-02-11 22:01:40,169.68
2018-02-11 22:01:46,169.85
2018-02-11 22:01:52,140.78
2018-02-11 22:01:58,170.01
2018-02-11 22:02:04,169.63
2018-02-11 22:02:10,169.58
2018-02-11 22:02:16,169.87
2018-02-11 22:02:22,169.66
2018-02-11 22:02:28,169.8
2018-02-11 22:02:34,169.54
2018-02-11 22:02:40,171.05
2018-02-11 22:02:46,169.75
2018-02-11 22:02:52,170.59
2018-02-11 22:02:58,170.09
2018-02-11 22:03:04,191.1
2018-02-11 22:03:10,169.51
2018-02-11 22:03:16,169.66
2018-02-11 22:03:21,169.59
2018-02-11 22:03:27,169.21
2018-02-11 22:03:33,169.17
2018-02-11 22:03:40,170.2
2018-02-11 22:03:46,170.15
2018-02-11 22:03:52,169.8
2018-02-11 22:03:57,169.49
2018-02-11 22:04:03,170.19
2018-02-11 22:04:09,169.84
2018-02-11 22:04:15,169.44
2018-02-11 22:04:21,170.59
2018-02-11 22:04:27,170.28
2018-02-11 22:04:33,169.57
2018-02-11 22:04:39,169.58
2018-02-11 22:04:45,170.06
2018-02-11 22:04:51,170.16
2018-02-11 22:04:57,169.63
2018-02-11 22:05:03,170.3
2018-02-11 22:05:09,174.12
2018-02-11 22:05:15,170.35
2018-02-11 22:05:21,108.95
2018-02-11 22:05:27,170.56
2018-02-11 22:05:33,169.59
2018-02-11 22:05:39,170.52
2018-02-11 22:05:45,169.59
2018-02-11 22:05:51,167.47
2018-02-11 22:05:57,169.79
2018-02-11 22:06:03,170.06
2018-02-11 22:06:09,170.14
2018-02-11 22:06:15,169.63
2018-02-11 22:06:21,153.85
2018-02-11 22:06:27,169.51
2018-02-11 22:06:33,170.21
2018-02-11 22:06:39,170.49
2018-02-11 22:06:45,170.06
2018-02-11 22:06:51,170.13
2018-02-11 22:06:57,169.05
2018-02-11 22:07:03,169.99
2018-02-11 22:07:09,167.37
2018-02-11 22:07:15,170.3
2018-02-11 22:07:21,170.5
2018-02-11 22:07:27,170.08
2018-02-11 22:07:33,169.61
2018-02-11 22:07:39,169.8
2018-02-11 22:07:45,170.67
2018-02-11 22:07:51,181.19
2018-02-11 22:07:57,169.68
2018-02-11 22:08:03,163.75
2018-02-11 22:08:09,169.03
2018-02-11 22:08:15,169.56
2018-02-11 22:08:21,169.78
2018-02-11 22:08:27,169.83
2018-02-11 22:08:34,167.68
2018-02-11 22:08:40,170.06
2018-02-11 22:08:46,169.13
2018-02-11 22:08:52,169.56
2018-02-11 22:08:58,169.27
2018-02-11 22:09:05,170.08
2018-02-11 22:09:11,169.08
2018-02-11 22:09:17,232.28
2018-02-11 22:09:24,169.97
2018-02-11 22:09:30,169.54
2018-02-11 22:09:36,170.08
2018-02-11 22:09:42,169.63
2018-02-11 22:09:48,135.93
2018-02-11 22:09:54,170.06
2018-02-11 22:10:00,169.87
2018-02-11 22:10:07,169.63
2018-02-11 22:10:13,154.18
2018-02-11 22:10:19,169.44
2018-02-11 22:10:25,161.91
2018-02-11 22:10:31,170.04
2018-02-11 22:10:37,169.75
2018-02-11 22:10:44,169.73
2018-02-11 22:10:50,170.18
2018-02-11 22:10:56,169.75
2018-02-11 22:11:02,137.92
2018-02-11 22:11:09,140.42
2018-02-11 22:11:15,124.88
2018-02-11 22:11:21,171.86
2018-02-11 22:11:27,169.87
2018-02-11 22:11:33,170.04
2018-02-11 22:11:39,169.54
2018-02-11 22:11:46,169.73
2018-02-11 22:11:52,169.8
2018-02-11 22:11:58,170.53
2018-02-11 22:12:04,170.14
2018-02-11 22:12:11,170.07
2018-02-11 22:12:17,171.12
2018-02-11 22:12:23,169.63
2018-02-11 22:12:29,119.47
2018-02-11 22:12:35,169.85
2018-02-11 22:12:42,169.52
2018-02-11 22:12:48,169.49
2018-02-11 22:12:54,169.65
2018-02-11 22:13:00,170.13
2018-02-11 22:13:07,155.74
2018-02-11 22:13:13,168.55
2018-02-11 22:13:19,169.1
2018-02-11 22:13:25,169.91
2018-02-11 22:13:31,169.78
2018-02-11 22:13:38,175.85
2018-02-11 22:13:44,161.74
2018-02-11 22:13:50,170.67
2018-02-11 22:13:57,169.7
2018-02-11 22:14:03,168.34
2018-02-11 22:14:09,170.71
2018-02-11 22:14:15,171.24
2018-02-11 22:14:21,170.62
2018-02-11 22:14:28,184.77
2018-02-11 22:14:34,169.58
2018-02-11 22:14:40,169.75
2018-02-11 22:14:46,169.73
2018-02-11 22:14:53,170.14
2018-02-11 22:15:00,169.87
2018-02-11 22:15:06,170.13
2018-02-11 22:15:12,169.85
2018-02-11 22:15:18,169.17
2018-02-11 22:15:24,171.15
2018-02-11 22:15:31,169.3
2018-02-11 22:15:37,157.69
2018-02-11 22:15:43,169.3
2018-02-11 22:15:49,169.7
2018-02-11 22:15:56,170.49
2018-02-11 22:16:02,217.79
2018-02-11 22:16:08,169.29
2018-02-11 22:16:14,170.21
2018-02-11 22:16:20,170.06
2018-02-11 22:16:27,170.57
2018-02-11 22:16:34,170.25
2018-02-11 22:16:40,170.25
2018-02-11 22:16:46,169.39
2018-02-11 22:16:53,170.42
2018-02-11 22:16:59,169.39
2018-02-11 22:17:06,137.28
2018-02-11 22:17:12,169.78
2018-02-11 22:17:19,169.61
2018-02-11 22:17:25,216.6
2018-02-11 22:17:31,170.38
2018-02-11 22:17:38,169.73
2018-02-11 22:17:44,169.66
2018-02-11 22:17:51,169.59
2018-02-11 22:17:58,170.64
2018-02-11 22:18:04,169.8
2018-02-11 22:18:11,169.78
2018-02-11 22:18:17,169.83
2018-02-11 22:18:24,169.87
2018-02-11 22:18:30,169.92
2018-02-11 22:18:36,169.37
2018-02-11 22:18:43,170.09
2018-02-11 22:18:49,170.28
2018-02-11 22:18:56,170.5
2018-02-11 22:19:02,166.66
2018-02-11 22:19:08,169.8
2018-02-11 22:19:15,169.57
2018-02-11 22:19:21,150.13
2018-02-11 22:19:28,169.75
2018-02-11 22:19:34,166.18
2018-02-11 22:19:41,170.24
2018-02-11 22:19:47,170.24
2018-02-11 22:19:54,170.23
2018-02-11 22:20:00,169.99
2018-02-11 22:20:07,187.84
2018-02-11 22:20:13,170.23
2018-02-11 22:20:20,170.21
2018-02-11 22:20:26,169.51
2018-02-11 22:20:32,169.77
2018-02-11 22:20:39,169.77
2018-02-11 22:20:45,169.52
2018-02-11 22:20:52,171.72
2018-02-11 22:20:59,169.95
2018-02-11 22:21:05,169.26
2018-02-11 22:21:12,169.85
2018-02-11 22:21:18,75.6
2018-02-11 22:21:24,155.98
2018-02-11 22:21:31,170.64
2018-02-11 22:21:37,170.18
2018-02-11 22:21:44,169.27
2018-02-11 22:21:50,198.25
2018-02-11 22:21:57,170.28
2018-02-11 22:22:03,170.62
2018-02-11 22:22:09,171.93
2018-02-11 22:22:16,169.87
2018-02-11 22:22:23,170.28
2018-02-11 22:22:29,170.74
2018-02-11 22:22:36,180.07
2018-02-11 22:22:42,169.7
2018-02-11 22:22:48,171.34
2018-02-11 22:22:55,162.55
2018-02-11 22:23:02,170.14
2018-02-11 22:23:08,169.84
2018-02-11 22:23:14,169.59
2018-02-11 22:23:21,169.46
2018-02-11 22:23:27,169.46
2018-02-11 22:23:34,169.84
2018-02-11 22:23:40,169.9
2018-02-11 22:23:47,169.84
2018-02-11 22:23:54,84.55
2018-02-11 22:24:00,169.82
2018-02-11 22:24:07,170.14
2018-02-11 22:24:13,169.9
2018-02-11 22:24:20,169.35
2018-02-11 22:24:26,169.66
2018-02-11 22:24:33,169.39
2018-02-11 22:24:39,170.45
2018-02-11 22:24:46,170.76
2018-02-11 22:24:53,169.87
2018-02-11 22:24:59,169.78
2018-02-11 22:25:06,170.14
2018-02-11 22:25:13,114.25
2018-02-11 22:25:20,169.85
2018-02-11 22:25:26,169.72
2018-02-11 22:25:33,172.25
2018-02-11 22:25:39,169.99
2018-02-11 22:25:46,169.94
2018-02-11 22:25:53,169.79
2018-02-11 22:25:59,170.4
2018-02-11 22:26:06,169.41
2018-02-11 22:26:13,170.95
2018-02-11 22:26:19,170.68
2018-02-11 22:26:26,169.75
2018-02-11 22:26:33,169.84
2018-02-11 22:26:39,170.16
2018-02-11 22:26:46,170.74
2018-02-11 22:26:53,169.8
2018-02-11 22:27:00,169.94
2018-02-11 22:27:06,170.16
2018-02-11 22:27:13,169.95
2018-02-11 22:27:20,170.67
2018-02-11 22:27:26,170.62
2018-02-11 22:27:33,169.9
2018-02-11 22:27:39,170.66
2018-02-11 22:27:46,171.27
2018-02-11 22:27:53,169.82
2018-02-11 22:27:59,169.92
2018-02-11 22:28:06,169.89
2018-02-11 22:28:13,170.67
2018-02-11 22:28:20,170.78
2018-02-11 22:28:27,169.84
2018-02-11 22:28:33,169.92
2018-02-11 22:28:40,169.72
2018-02-11 22:28:47,169.99
2018-02-11 22:28:53,169.56
2018-02-11 22:29:00,170.3
2018-02-11 22:29:07,169.97
2018-02-11 22:29:13,169.91
2018-02-11 22:29:20,170.3
2018-02-11 22:29:27,169.82
2018-02-11 22:29:33,169.87
2018-02-11 22:29:40,169.91
2018-02-11 22:29:46,169.77
2018-02-11 22:29:54,169.75
2018-02-11 22:30:00,170.06
2018-02-11 22:30:07,169.73
2018-02-11 22:30:14,169.91
2018-02-11 22:30:20,170.15
2018-02-11 22:30:27,170.18
2018-02-11 22:30:34,170.78
2018-02-11 22:30:40,170.18
2018-02-11 22:30:47,161.19
2018-02-11 22:30:54,170.57
2018-02-11 22:31:00,170.33
2018-02-11 22:31:07,170.26
2018-02-11 22:31:14,191.48
2018-02-11 22:31:21,169.84
2018-02-11 22:31:28,170.01
2018-02-11 22:31:35,189.99
2018-02-11 22:31:41,170.21
2018-02-11 22:31:48,170.5
2018-02-11 22:31:55,169.82
2018-02-11 22:32:02,169.84
2018-02-11 22:32:09,170.49
2018-02-11 22:32:16,169.71
2018-02-11 22:32:24,146.87
2018-02-11 22:32:32,170.73
2018-02-11 22:32:39,169.75
2018-02-11 22:32:46,146.05
2018-02-11 22:32:54,144.76
2018-02-11 22:33:01,169.97
2018-02-11 22:33:08,171.45
2018-02-11 22:33:16,169.9
2018-02-11 22:33:23,169.99
2018-02-11 22:33:30,169.95
2018-02-11 22:33:37,169.58
2018-02-11 22:33:44,170.09
2018-02-11 22:33:51,170.11
2018-02-11 22:33:58,171.34
2018-02-11 22:34:05,169.91
2018-02-11 22:34:12,170.28
2018-02-11 22:34:19,177.04
2018-02-11 22:34:26,169.85
2018-02-11 22:34:34,149.94
2018-02-11 22:34:41,170.33
2018-02-11 22:34:48,170.71
2018-02-11 22:34:55,169.78
2018-02-11 22:35:03,132.26
2018-02-11 22:53:07,170.88
2018-02-11 22:53:15,170.66
2018-02-11 22:53:21,169.91
2018-02-11 22:53:27,169.65
2018-02-11 22:53:33,170.51
2018-02-11 23:07:51,170.64
2018-02-11 23:07:59,170.9
2018-02-11 23:08:05,169.91
2018-02-11 23:09:54,0
2018-02-11 23:10:01,0
2018-02-11 23:10:07,0
2018-02-11 23:10:14,0
2018-02-11 23:10:20,0
2018-02-11 23:10:27,0
2018-02-11 23:21:00,170.68
2018-02-11 23:21:08,171.02
2018-02-11 23:22:23,170.04
2018-02-11 23:22:32,170.49
2018-02-11 23:22:38,170.08
2018-02-11 23:22:45,169.95
2018-02-11 23:22:52,170.13
2018-02-11 23:22:58,169.56
2018-02-11 23:23:04,171.46
2018-02-11 23:23:10,169.79
2018-02-11 23:23:17,170.01
2018-02-11 23:24:23,170.35
2018-02-11 23:24:31,171.33
2018-02-11 23:24:37,131.09
2018-02-11 23:24:44,170.09
2018-02-11 23:26:01,170.57
2018-02-11 23:26:10,170.11
2018-02-11 23:26:15,170.56
2018-02-11 23:26:22,169.85
2018-02-11 23:26:28,170.92
2018-02-11 23:26:34,170.01
2018-02-11 23:26:40,170.49
2018-02-11 23:26:47,169.97
2018-02-11 23:28:31,170.13
2018-02-11 23:48:38,87.58
2018-02-11 23:48:47,170.16
2018-02-11 23:48:55,130.87
2018-02-11 23:49:02,170.42
2018-02-11 23:51:16,169.99666666666667
2018-02-11 23:51:24,169.94000000000003
2018-02-11 23:51:30,169.86666666666667
2018-02-11 23:51:37,170.28333333333333
2018-02-11 23:51:43,169.8766666666667
2018-02-11 23:51:50,169.94333333333336
2018-02-11 23:51:57,170.76
2018-02-11 23:52:03,170.20000000000002
2018-02-11 23:52:09,171.02666666666667
2018-02-11 23:52:16,168.67333333333332
2018-02-11 23:52:22,170.30333333333334
2018-02-11 23:52:29,147.34666666666666
2018-02-11 23:52:38,170.98
2018-02-12 00:05:50,170.256
2018-02-12 00:05:59,170.106
2018-02-12 00:06:08,177.86100000000002
2018-02-12 00:06:16,170.19499999999996
2018-02-12 00:06:25,170.321
2018-02-12 00:06:33,170.337
2018-02-12 00:06:42,171.701
2018-02-12 00:06:50,171.665
2018-02-12 00:06:59,170.18599999999998
2018-02-12 00:07:08,170.71699999999998
2018-02-12 00:07:16,170.41900000000004
2018-02-12 00:07:25,165.019
2018-02-12 00:07:34,172.35700000000003
2018-02-12 00:20:44,170.69699999999997
2018-02-12 00:20:56,146.19400000000002
2018-02-12 00:21:06,170.529
2018-02-12 00:21:21,169.60700000000003
2018-02-12 00:21:30,170.407
2018-02-12 00:25:22,171.289
2018-02-12 00:25:33,169.61700000000002
2018-02-12 00:25:42,170.902
2018-02-12 00:25:51,169.866
2018-02-12 00:25:59,170.54899999999998
2018-02-12 00:26:08,170.796
2018-02-12 00:26:16,171.26600000000002
2018-02-12 00:26:26,168.471
2018-02-12 00:59:12,170.336
2018-02-12 00:59:23,170.55300000000003
2018-02-12 00:59:32,170.391
2018-02-12 00:59:40,169.88499999999996
2018-02-12 00:59:50,170.254
2018-02-12 00:59:59,170.21099999999998
2018-02-12 01:00:08,170.59100000000004
2018-02-12 01:00:17,170.524
2018-02-12 01:00:27,170.2
2018-02-12 01:00:36,170.661
2018-02-12 01:00:45,171.19600000000003
2018-02-12 01:00:54,169.546
2018-02-12 01:01:03,170.38400000000001
2018-02-12 01:01:12,170.94299999999998
2018-02-12 01:01:21,170.392
2018-02-12 01:01:29,5.428
2018-02-12 01:01:38,162.038
2018-02-12 01:01:47,168.35899999999998
2018-02-12 01:04:56,170.61600000000004
2018-02-12 01:05:07,170.53099999999995
2018-02-12 01:05:16,169.99400000000003
2018-02-12 01:11:23,170.222
2018-02-12 01:11:34,170.525
2018-02-12 01:11:43,170.527
2018-02-12 01:11:53,170.273
2018-02-12 01:14:47,171.05400000000003
2018-02-12 01:14:58,169.007
2018-02-12 01:15:07,165.681
2018-02-12 01:16:36,171.30100000000002
2018-02-12 01:16:47,173.701
2018-02-12 01:16:56,170.515
2018-02-12 01:17:06,173.62
2018-02-12 01:17:15,170.701
2018-02-12 01:21:17,171.666
2018-02-12 01:21:28,163.18
2018-02-12 01:21:37,170.572
2018-02-12 01:21:46,170.339
2018-02-12 01:21:55,170.169
2018-02-12 01:24:47,170.839
2018-02-12 01:24:58,168.98599999999996
2018-02-12 01:25:07,170.79200000000003
2018-02-12 01:46:02,170.377
2018-02-12 01:46:13,170.16199999999998
2018-02-12 01:46:22,169.23700000000002
2018-02-12 01:46:31,169.955
2018-02-12 01:46:40,96.15400000000001
2018-02-12 01:56:44,171.031
2018-02-12 01:59:03,170.94299999999998
2018-02-12 02:00:13,170.374
2018-02-12 02:00:29,170.34500000000003
2018-02-12 02:00:39,170.64600000000002
2018-02-12 02:00:49,171.21599999999998
2018-02-12 02:00:59,170.451
2018-02-12 02:01:11,169.894
2018-02-12 02:01:25,170.388
2018-02-12 02:01:35,170.257
2018-02-12 02:01:45,170.45700000000002
2018-02-12 02:01:55,170.37
2018-02-12 02:02:06,168.93400000000003
2018-02-12 02:02:17,170.21599999999998
2018-02-12 02:02:26,170.45
2018-02-12 02:02:37,170.259
2018-02-12 02:02:55,170.402
2018-02-12 02:03:04,170.526
2018-02-12 02:03:13,170.465
2018-02-12 02:03:22,170.211
2018-02-12 02:03:32,171.03400000000002
2018-02-12 02:03:41,170.436
2018-02-12 02:03:50,176.56699999999998
2018-02-12 02:04:00,170.801
2018-02-12 02:04:10,169.92400000000004
2018-02-12 02:04:19,170.49099999999999
2018-02-12 02:04:29,169.971
2018-02-12 02:19:28,171.114
2018-02-12 02:19:39,170.95100000000002
2018-02-12 02:19:50,170.65800000000002
2018-02-12 02:20:02,170.70800000000003
2018-02-12 02:20:12,170.541
2018-02-12 02:20:28,170.648
2018-02-12 02:20:38,170.951
2018-02-12 02:20:58,170.56
2018-02-12 02:21:08,170.05599999999998
2018-02-12 02:21:22,170.23899999999998
2018-02-12 02:21:31,170.148
2018-02-12 02:27:11,15.111999999999998
2018-02-12 02:27:18,15.314999999999998
2018-02-12 02:27:26,15.331
2018-02-12 02:27:34,15.294000000000002
2018-02-12 02:27:40,15.37
2018-02-12 02:27:47,15.202000000000002
2018-02-12 02:27:54,15.27
2018-02-12 02:28:01,15.301999999999998
2018-02-12 02:28:07,15.326000000000002
2018-02-12 02:28:14,15.325999999999999
2018-02-12 02:28:23,15.320000000000002
2018-02-12 02:28:30,15.374
2018-02-12 02:28:38,15.39
2018-02-12 02:28:45,15.373999999999999
2018-02-12 02:28:52,15.235000000000003
2018-02-12 02:29:15,131.509
2018-02-12 02:30:20,191.767
2018-02-12 02:31:29,135.56800000000004
2018-02-12 02:32:19,167.65699999999998
2018-02-12 02:34:14,154.333
2018-02-12 02:37:04,170.83200000000002
2018-02-12 02:37:21,170.682
2018-02-12 02:37:35,170.89200000000002
2018-02-12 02:37:50,168.652
2018-02-12 02:38:01,170.685
2018-02-12 02:38:17,170.698
2018-02-12 02:38:28,169.702
2018-02-12 02:38:45,170.031
2018-02-12 02:38:59,170.737
2018-02-12 02:39:27,170.11399999999998
2018-02-12 02:39:40,170.725
2018-02-12 02:39:51,170.655
2018-02-12 02:40:08,170.94199999999998
2018-02-12 02:40:19,170.66500000000002
2018-02-12 02:40:34,171.098
2018-02-12 02:40:49,170.597
2018-02-12 02:41:01,170.22299999999998
2018-02-12 02:41:12,169.48399999999998
2018-02-12 02:41:25,170.929
2018-02-12 02:41:39,171.06899999999996
2018-02-12 02:42:00,171.703
2018-02-12 02:42:12,171.887
2018-02-12 02:42:24,171.70399999999998
2018-02-12 02:42:35,171.501
2018-02-12 02:43:24,167.65299999999996
2018-02-12 02:43:36,170.801
2018-02-12 02:43:47,170.97799999999998
2018-02-12 02:44:31,170.77
2018-02-12 02:44:42,170.85399999999998
2018-02-12 02:44:53,170.73700000000002
2018-02-12 02:45:08,170.474
2018-02-12 02:45:22,171.36399999999998
2018-02-12 02:45:33,170.801
2018-02-12 02:45:47,171.556
2018-02-12 02:45:57,170.046
2018-02-12 02:46:11,170.67000000000002
2018-02-12 02:46:21,170.746
2018-02-12 02:46:41,170.615
2018-02-12 02:46:51,171.004
2018-02-12 02:47:03,168.892
2018-02-12 02:47:16,170.3
2018-02-12 02:47:30,170.89100000000002
2018-02-12 02:47:45,170.965
2018-02-12 02:47:56,170.647
2018-02-12 02:48:07,170.75800000000004
2018-02-12 02:48:17,170.90299999999996
2018-02-12 02:48:28,170.64899999999997
2018-02-12 02:48:44,170.58100000000002
2018-02-12 02:49:03,168.812
2018-02-12 02:49:23,169.91500000000002
2018-02-12 02:49:43,172.177
2018-02-12 02:50:06,171.0
2018-02-12 02:50:16,170.013
2018-02-12 02:50:34,164.538
2018-02-12 02:50:46,170.633
2018-02-12 02:51:05,170.444
2018-02-12 02:51:16,170.774
2018-02-12 02:51:31,171.26399999999998
2018-02-12 02:51:48,170.68
2018-02-12 02:52:07,170.64299999999997
2018-02-12 02:52:30,171.43
2018-02-12 02:53:01,170.61
2018-02-12 02:53:12,170.66000000000003
2018-02-12 02:53:30,170.81400000000002
2018-02-12 02:53:47,170.995
2018-02-12 02:54:02,170.592
2018-02-12 02:54:14,170.71899999999997
2018-02-12 02:54:25,171.027
2018-02-12 02:54:36,171.225
2018-02-12 02:54:48,170.096
2018-02-12 02:55:11,172.03400000000002
2018-02-12 02:55:23,169.607
2018-02-12 02:55:39,170.50499999999997
2018-02-12 02:55:58,170.63000000000002
2018-02-12 02:56:10,170.916
2018-02-12 02:56:21,171.19599999999997
2018-02-12 02:56:45,170.564
2018-02-12 02:56:56,171.019
2018-02-12 02:57:14,170.714
2018-02-12 02:57:26,170.849
2018-02-12 02:57:37,170.754
2018-02-12 02:57:48,170.60700000000003
2018-02-12 02:58:03,170.97700000000003
2018-02-12 02:58:16,170.604
2018-02-12 02:58:36,170.551
2018-02-12 02:59:00,170.704
2018-02-12 02:59:11,170.678
2018-02-12 02:59:24,170.17100000000002
2018-02-12 02:59:35,170.27299999999997
2018-02-12 02:59:54,170.55700000000002
2018-02-12 03:00:10,170.53199999999998
2018-02-12 03:00:22,170.40799999999996
2018-02-12 03:00:34,170.299
2018-02-12 03:00:51,171.97899999999998
2018-02-12 03:01:05,169.399
2018-02-12 03:01:16,170.665
2018-02-12 03:01:31,170.626
2018-02-12 03:01:47,170.51400000000004
2018-02-12 03:02:02,170.73999999999995
2018-02-12 03:02:24,170.45800000000003
2018-02-12 03:02:34,170.227
2018-02-12 03:02:47,170.452
2018-02-12 03:03:04,171.858
2018-02-12 03:03:15,170.24
2018-02-12 03:03:26,170.27399999999997
2018-02-12 03:03:36,169.857
2018-02-12 03:03:47,170.20999999999998
2018-02-12 03:04:12,169.69299999999998
2018-02-12 03:04:23,170.317
2018-02-12 03:04:44,170.73999999999998
2018-02-12 03:04:59,170.181
2018-02-12 03:05:16,170.338
2018-02-12 03:05:42,170.912
2018-02-12 03:05:56,170.758
2018-02-12 03:06:10,170.219
2018-02-12 03:06:37,169.879
2018-02-12 03:06:48,170.004
2018-02-12 03:07:00,171.09499999999997
2018-02-12 03:07:11,170.99200000000002
2018-02-12 03:07:22,170.603
2018-02-12 03:07:38,169.98100000000005
2018-02-12 03:07:49,170.39399999999998
2018-02-12 03:08:12,170.66500000000002
2018-02-12 03:08:23,169.783
2018-02-12 03:08:36,170.23699999999997
2018-02-12 03:08:47,170.06699999999998
2018-02-12 03:09:27,171.145
2018-02-12 03:09:40,170.92000000000002
2018-02-12 03:09:57,170.64
2018-02-12 03:10:17,170.512
2018-02-12 03:10:27,170.545
2018-02-12 03:10:38,170.183
2018-02-12 03:11:06,170.366
2018-02-12 03:11:27,171.062
2018-02-12 03:11:38,170.358
2018-02-12 03:11:49,170.16000000000003
2018-02-12 03:12:00,170.52500000000003
2018-02-12 03:12:11,170.45999999999998
2018-02-12 03:12:22,170.194
2018-02-12 03:12:33,170.35999999999999
2018-02-12 03:12:43,169.769
2018-02-12 03:13:03,170.28400000000002
2018-02-12 03:13:35,169.81300000000002
2018-02-12 03:13:46,171.023
2018-02-12 03:14:14,169.881
2018-02-12 03:14:25,170.29500000000002
2018-02-12 03:14:37,169.108
2018-02-12 03:14:55,169.22200000000004
2018-02-12 03:15:06,169.835
2018-02-12 03:15:41,170.264
2018-02-12 03:15:52,170.115
2018-02-12 03:16:07,175.65800000000002
2018-02-12 03:16:20,170.221
2018-02-12 03:16:36,170.17399999999998
2018-02-12 03:16:50,169.15600000000003
2018-02-12 03:17:01,170.167
2018-02-12 03:17:12,169.96800000000002
2018-02-12 03:17:23,170.05900000000003
2018-02-12 03:17:34,169.47899999999998
2018-02-12 03:17:45,170.1
2018-02-12 03:17:56,170.119
2018-02-12 03:18:18,169.75099999999998
2018-02-12 03:18:30,168.631
2018-02-12 03:18:41,169.924
2018-02-12 03:18:52,170.60999999999999
2018-02-12 03:19:03,169.94599999999997
2018-02-12 03:19:13,169.872
2018-02-12 03:19:25,169.82099999999997
2018-02-12 03:19:40,169.79700000000003
2018-02-12 03:19:54,168.065
2018-02-12 03:20:06,169.14000000000001
2018-02-12 03:20:17,170.03899999999996
2018-02-12 03:20:35,171.322
2018-02-12 03:21:02,169.786
2018-02-12 03:21:15,169.982
2018-02-12 03:21:44,169.178
2018-02-12 03:21:55,169.921
2018-02-12 03:22:06,169.872
2018-02-12 03:22:28,169.98700000000002
2018-02-12 03:22:47,170.067
2018-02-12 03:23:00,170.1
2018-02-12 03:23:14,169.704
2018-02-12 03:23:25,169.714
2018-02-12 03:23:37,171.03699999999998
2018-02-12 03:23:48,169.839
2018-02-12 03:24:02,170.36100000000002
2018-02-12 03:24:12,169.939
2018-02-12 03:24:24,168.802
2018-02-12 03:24:35,170.45700000000002
2018-02-12 03:24:56,169.87599999999998
2018-02-12 03:25:27,168.77100000000002
2018-02-12 03:25:38,169.878
2018-02-12 03:26:18,168.25600000000003
2018-02-12 03:26:30,169.72400000000002
2018-02-12 03:26:41,169.22500000000002
2018-02-12 03:26:52,169.80700000000002
2018-02-12 03:27:03,170.24
2018-02-12 03:27:14,169.525
2018-02-12 03:27:27,169.78900000000002
2018-02-12 03:27:42,170.429
2018-02-12 03:27:55,170.091
2018-02-12 03:28:06,169.873
2018-02-12 03:28:18,171.484
2018-02-12 03:28:29,169.913
2018-02-12 03:28:51,161.55
2018-02-12 03:54:14,168.233
2018-02-12 03:54:25,169.849
2018-02-12 03:54:40,169.535
2018-02-12 03:54:54,169.638
2018-02-12 03:55:05,169.743
2018-02-12 03:55:20,169.71200000000002
2018-02-12 03:55:31,169.41299999999998
2018-02-12 03:55:45,169.904
2018-02-12 03:56:10,169.79699999999997
2018-02-12 03:56:32,169.14799999999997
2018-02-12 03:56:45,169.432
2018-02-12 03:56:58,169.926
2018-02-12 03:57:10,169.478
2018-02-12 03:57:23,169.658
2018-02-12 03:57:35,169.526
2018-02-12 03:57:51,167.59
2018-02-12 03:58:02,169.52800000000002
2018-02-12 03:58:15,169.617
2018-02-12 03:58:26,169.379
2018-02-12 03:58:37,169.565
2018-02-12 03:58:48,169.64100000000002
2018-02-12 03:58:59,169.335
2018-02-12 03:59:15,169.393
2018-02-12 03:59:29,169.51899999999998
2018-02-12 03:59:43,169.213
2018-02-12 03:59:55,169.64199999999997
2018-02-12 04:00:23,169.427
2018-02-12 04:00:43,169.132
2018-02-12 04:00:57,169.25
2018-02-12 04:01:24,169.46200000000002
2018-02-12 04:01:39,169.446
2018-02-12 04:01:50,169.43099999999998
2018-02-12 04:02:09,168.13399999999996
2018-02-12 04:02:23,169.366
2018-02-12 04:02:36,169.45299999999997
2018-02-12 04:02:52,167.16400000000002
2018-02-12 04:03:03,169.22899999999998
2018-02-12 04:03:14,169.081
2018-02-12 04:03:55,171.147
2018-02-12 04:04:06,169.714
2018-02-12 04:04:17,169.48200000000003
2018-02-12 04:04:29,167.777
2018-02-12 04:04:40,168.58999999999997
2018-02-12 04:04:58,170.615
2018-02-12 04:05:11,169.28500000000003
2018-02-12 04:05:22,169.914
2018-02-12 04:05:36,168.60199999999998
2018-02-12 04:05:47,169.522
2018-02-12 04:05:58,169.382
2018-02-12 04:06:11,169.986
2018-02-12 04:06:22,169.403
2018-02-12 04:06:39,169.611
2018-02-12 04:06:50,169.128
2018-02-12 04:07:04,169.423
2018-02-12 04:07:15,170.09300000000002
2018-02-12 04:07:26,170.737
2018-02-12 04:07:37,169.571
2018-02-12 04:07:48,169.846
2018-02-12 04:08:00,170.1
2018-02-12 04:08:11,169.66299999999998
2018-02-12 04:08:22,169.461
2018-02-12 04:08:34,171.565
2018-02-12 04:08:54,176.671
2018-02-12 04:09:09,169.512
2018-02-12 04:09:25,170.98899999999998
2018-02-12 04:09:36,169.981
2018-02-12 04:09:53,169.187
2018-02-12 04:10:15,168.93200000000002
2018-02-12 04:10:27,169.34499999999997
2018-02-12 04:10:38,169.561
2018-02-12 04:10:55,169.40699999999998
2018-02-12 04:11:06,169.638
2018-02-12 04:11:19,168.23899999999998
2018-02-12 04:11:30,168.364
2018-02-12 04:11:45,169.43999999999997
2018-02-12 04:11:57,169.49200000000002
2018-02-12 04:12:08,169.37199999999999
2018-02-12 04:12:19,168.62800000000001
2018-02-12 04:12:35,170.185
2018-02-12 04:12:50,169.257
2018-02-12 04:13:15,169.544
2018-02-12 04:13:26,169.309
2018-02-12 04:13:39,169.56300000000002
2018-02-12 04:13:53,169.127
2018-02-12 04:14:04,169.76300000000003
2018-02-12 04:14:22,169.417
2018-02-12 04:14:36,167.709
2018-02-12 04:14:55,169.499
2018-02-12 04:15:10,169.69500000000002
2018-02-12 04:15:22,169.518
2018-02-12 04:15:33,169.296
2018-02-12 04:15:50,169.46099999999998
2018-02-12 04:16:02,169.2
2018-02-12 04:16:15,169.32999999999998
2018-02-12 04:16:27,169.369
2018-02-12 04:16:38,168.534
2018-02-12 04:16:58,168.07399999999998
2018-02-12 04:17:10,167.286
2018-02-12 04:17:25,167.754
2018-02-12 04:17:38,167.498
2018-02-12 04:17:51,169.59699999999998
2018-02-12 04:18:05,169.193
2018-02-12 04:18:17,171.31800000000004
2018-02-12 04:18:52,169.197
2018-02-12 04:19:04,169.618
2018-02-12 04:19:20,169.191
2018-02-12 04:19:31,169.47899999999998
2018-02-12 04:19:42,169.19399999999996
2018-02-12 04:19:54,168.93099999999998
2018-02-12 04:20:05,169.02000000000004
2018-02-12 04:20:21,169.264
2018-02-12 04:20:33,169.233
2018-02-12 04:20:48,169.78400000000002
2018-02-12 04:21:03,169.05700000000002
2018-02-12 04:21:15,169.82
2018-02-12 04:21:26,169.107
2018-02-12 04:21:37,168.59099999999998
2018-02-12 04:22:01,167.26600000000002
2018-02-12 04:22:12,170.031
2018-02-12 04:22:24,169.113
2018-02-12 04:22:47,169.289
2018-02-12 04:22:59,169.64100000000002
2018-02-12 04:23:10,169.275
2018-02-12 04:23:22,169.841
2018-02-12 04:23:51,169.584
2018-02-12 04:24:03,169.349
2018-02-12 04:24:19,169.26199999999997
2018-02-12 04:24:34,169.39600000000002
2018-02-12 04:24:49,169.31799999999998
2018-02-12 04:25:01,169.63299999999998
2018-02-12 04:25:12,169.702
2018-02-12 04:25:35,169.303
2018-02-12 04:25:46,169.38600000000002
2018-02-12 04:26:07,169.35299999999998
2018-02-12 04:26:21,169.25799999999998
2018-02-12 04:26:44,169.54699999999997
2018-02-12 04:27:07,169.242
2018-02-12 04:27:19,169.57800000000003
2018-02-12 04:27:48,168.437
2018-02-12 04:28:00,169.654
2018-02-12 04:28:13,169.365
2018-02-12 04:28:27,169.219
2018-02-12 04:28:41,169.50500000000002
2018-02-12 04:28:52,169.56900000000002
2018-02-12 04:29:04,169.405
2018-02-12 04:29:20,169.31
2018-02-12 04:29:32,169.68400000000003
2018-02-12 04:29:44,169.921
2018-02-12 04:29:58,167.843
2018-02-12 04:30:10,169.69099999999997
2018-02-12 04:30:22,169.336
2018-02-12 04:30:33,169.47699999999998
2018-02-12 04:30:55,169.381
2018-02-12 04:31:07,169.46999999999997
2018-02-12 04:31:20,169.706
2018-02-12 04:31:32,169.279
2018-02-12 04:31:47,169.47999999999996
2018-02-12 04:31:59,169.376
2018-02-12 04:32:13,169.387
2018-02-12 04:32:26,167.54799999999997
2018-02-12 04:32:52,169.443
2018-02-12 04:33:09,169.575
2018-02-12 04:33:22,168.833
2018-02-12 04:33:38,169.086
2018-02-12 04:33:56,169.13600000000002
2018-02-12 04:34:07,169.38500000000002
2018-02-12 04:34:21,169.43900000000002
2018-02-12 04:34:32,169.195
2018-02-12 04:34:45,170.315
2018-02-12 04:35:07,167.327
2018-02-12 04:35:36,169.154
2018-02-12 04:35:49,167.84300000000002
2018-02-12 04:36:05,169.18400000000003
2018-02-12 04:36:18,169.8
2018-02-12 04:36:41,169.381
2018-02-12 04:36:53,169.294
2018-02-12 04:37:04,169.301
2018-02-12 04:37:33,168.632
2018-02-12 04:37:50,169.057
2018-02-12 04:38:02,169.286
2018-02-12 04:38:13,169.452
2018-02-12 04:38:25,169.32399999999998
2018-02-12 04:38:45,169.64900000000003
2018-02-12 04:38:57,169.69500000000002
2018-02-12 04:39:11,168.844
2018-02-12 04:39:23,169.32
2018-02-12 04:39:39,169.16400000000002
2018-02-12 04:39:52,166.212
2018-02-12 04:40:03,169.082
2018-02-12 04:40:15,169.687
2018-02-12 04:40:26,168.908
2018-02-12 04:40:38,168.786
2018-02-12 04:40:51,167.33700000000002
2018-02-12 04:41:07,169.142
2018-02-12 04:41:26,169.401
2018-02-12 04:41:40,169.137
2018-02-12 04:42:09,169.68099999999998
2018-02-12 04:42:30,169.24200000000002
2018-02-12 04:42:43,169.42299999999997
2018-02-12 04:42:57,169.22000000000003
2018-02-12 04:43:08,169.15299999999996
2018-02-12 04:43:25,169.23499999999999
2018-02-12 04:43:39,169.16500000000002
2018-02-12 04:43:50,169.066
2018-02-12 04:44:06,169.523
2018-02-12 04:44:29,170.01000000000005
2018-02-12 04:44:40,169.16699999999997
2018-02-12 04:44:51,169.142
2018-02-12 04:45:04,179.291
2018-02-12 14:28:13,4.669999999999999
2018-02-12 14:28:39,4.792
2018-02-12 14:49:59,6.416999999999999
2018-02-12 14:52:38,6.1530000000000005
2018-02-12 14:52:54,5.629
2018-02-12 15:01:17,5.985000000000001
2018-02-12 15:01:32,6.130999999999999
2018-02-12 15:10:26,6.247000000000001
2018-02-12 15:10:40,6.218000000000001
2018-02-12 15:10:52,6.075
2018-02-12 15:11:11,6.577000000000001
2018-02-12 15:11:24,6.285
2018-02-12 15:11:36,6.201
2018-02-12 15:11:48,6.267
2018-02-12 15:12:02,6.234
2018-02-12 15:12:19,6.244
2018-02-12 15:12:30,6.328
2018-02-12 15:12:42,6.202
2018-02-12 15:12:54,5.982
2018-02-12 15:13:06,6.277
2018-02-12 15:13:23,6.194000000000001
2018-02-12 15:34:57,6.027000000000001
2018-02-12 15:35:12,6.1850000000000005
2018-02-14 21:36:18,149.82199999999997
2018-02-14 21:36:30,156.76
2018-02-14 21:36:41,158.08499999999998
2018-02-14 21:36:52,161.911
2018-02-14 21:37:06,157.48899999999998
2018-02-14 21:55:03,50.13
2018-02-14 21:57:54,49.87
2018-02-14 22:21:40,50.72
